<application>
  <component name="GeneralSettings">
    <option name="showTipsOnStartup" value="false" />
    <option name="autoSaveFiles" value="false" />
    <option name="confirmExit" value="false" />
    <option name="confirmOpenNewProject2" value="-1" />
  </component>
  <component name="Registry">
    <entry key="typescript.external.type.definitions.packages" value="express,lodash,mocha,chai,jasmine,react-dom,jest,styled-components,react-native" />
    <entry key="ide.experimental.ui" value="true" />
    <entry key="debugger.new.tool.window.layout" value="true" />
    <entry key="ide.experimental.ui.inter.font" value="false" />
    <entry key="idea.plugins.compatible.build" value="" />
  </component>
  <component name="StatusBar">
    <option name="widgets">
      <map>
        <entry key="CwmWireStatsWidgetFactory" value="false" />
        <entry key="Memory" value="true" />
        <entry key="ReadOnlyAttribute" value="false" />
        <entry key="TypeScriptInfo" value="false" />
        <entry key="git" value="true" />
        <entry key="webDeployment.default.server.widget" value="false" />
      </map>
    </option>
  </component>
</application>